{
  "mlp_pr_auc": 0.7715817510705918,
  "mlp_roc_auc": 0.9745264928565686,
  "adaboost_pr_auc": 0.7624206727756818,
  "adaboost_roc_auc": 0.9785777809998507,
  "xgboost_pr_auc": 0.872222003029544,
  "xgboost_roc_auc": 0.9775931545944208,
  "random_forest_pr_auc": 0.8626580995907133,
  "random_forest_roc_auc": 0.9712669254533552,
  "best_threshold": 0.9402095675468445,
  "best_val_pr_auc": 0.6817792442958432,
  "mlp_robustez_mean": 0.7609056042644116,
  "mlp_robustez_std": 0.016599721061532183,
  "seed": 42
}